frame,pitch,env,vol,srcn
1,0,0,0,0
2,284,127,126,7
3,284,127,102,7
4,284,127,86,7
5,284,127,70,7
6,284,127,55,7
7,284,127,39,7
8,284,127,23,7
9,284,127,0,7
10,284,4,118,7
11,284,0,102,7
12,284,0,86,7
13,284,0,70,7
14,284,0,55,7
15,284,0,39,7
16,284,0,15,7
17,284,0,0,7
18,284,127,118,7
19,284,127,102,7
20,284,127,86,7
21,284,127,70,7
22,284,127,55,7
23,284,127,31,7
24,284,127,15,7
25,284,127,0,7
26,284,0,118,7
27,284,0,102,7
28,284,0,86,7
29,284,0,63,7
30,284,0,47,7
31,284,0,31,7
32,284,0,15,7
33,284,0,0,7
34,2023,124,84,6
35,2023,120,73,6
36,2023,116,56,6
37,2023,112,45,6
38,2023,108,33,6
39,2023,104,22,6
40,2023,101,11,6
41,2023,97,0,6
42,284,127,118,7
43,284,127,94,7
44,284,127,78,7
45,284,127,63,7
46,284,127,47,7
47,284,127,31,7
48,284,127,15,7
49,284,127,0,7
50,284,0,110,7
51,284,0,94,7
52,284,0,78,7
53,284,0,63,7
54,284,0,47,7
55,284,0,31,7
56,284,0,7,7
57,284,0,248,7
58,284,0,110,7
59,284,0,94,7
60,284,0,78,7
61,284,0,63,7
62,284,0,47,7
63,284,0,23,7
64,284,0,7,7
65,284,127,126,7
66,284,127,110,7
67,284,127,94,7
68,284,127,78,7
69,284,127,55,7
70,284,127,39,7
71,284,127,23,7
72,284,127,7,7
73,284,76,248,7
74,284,0,110,7
75,284,0,94,7
76,284,0,70,7
77,284,0,55,7
78,284,0,39,7
79,284,0,23,7
80,284,0,7,7
81,284,0,248,7
82,284,0,110,7
83,284,0,86,7
84,284,0,70,7
85,284,0,55,7
86,284,0,39,7
87,284,0,23,7
88,284,0,7,7
89,284,0,248,7
90,284,0,102,7
91,284,0,86,7
92,284,0,70,7
93,284,0,55,7
94,284,0,39,7
95,284,0,23,7
96,284,0,0,7
97,2023,125,84,6
98,2023,121,73,6
99,2023,117,61,6
100,2023,113,50,6
101,2023,109,39,6
102,2023,105,28,6
103,2023,102,11,6
104,2023,98,0,6
105,2023,0,84,6
106,2023,0,73,6
107,2023,0,61,6
108,2023,0,50,6
109,2023,0,39,6
110,2023,0,22,6
111,2023,0,11,6
112,2023,0,0,6
113,284,127,118,7
114,284,127,102,7
115,284,127,86,7
116,284,127,63,7
117,284,127,47,7
118,284,127,31,7
119,284,127,15,7
120,284,127,0,7
121,284,0,118,7
122,284,0,102,7
123,284,0,78,7
124,284,0,63,7
125,284,0,47,7
126,284,0,31,7
127,284,0,15,7
128,284,0,0,7
129,284,127,118,7
130,284,127,94,7
131,284,127,78,7
132,284,127,63,7
133,284,127,47,7
134,284,127,31,7
135,284,127,15,7
136,284,127,0,7
137,284,0,110,7
138,284,0,94,7
139,284,0,78,7
140,284,0,63,7
141,284,0,47,7
142,284,0,31,7
143,284,0,7,7
144,284,0,126,7
145,284,127,110,7
146,284,127,94,7
147,284,127,78,7
148,284,127,63,7
149,284,127,47,7
150,284,127,23,7
151,284,127,7,7
152,284,97,248,7
153,284,0,110,7
154,284,0,94,7
155,284,0,78,7
156,284,0,55,7
157,284,0,39,7
158,284,0,23,7
159,284,0,7,7
160,2023,126,90,6
161,2023,122,78,6
162,2023,118,67,6
163,2023,114,50,6
164,2023,110,39,6
165,2023,107,28,6
166,2023,103,16,6
167,2023,99,5,6
168,284,127,126,7
169,284,127,110,7
170,284,127,86,7
171,284,127,70,7
172,284,127,55,7
173,284,127,39,7
174,284,127,23,7
175,284,127,7,7
176,284,24,118,7
177,284,0,102,7
178,284,0,86,7
179,284,0,70,7
180,284,0,55,7
181,284,0,39,7
182,284,0,23,7
183,284,0,0,7
184,284,0,118,7
185,284,0,102,7
186,284,0,86,7
187,284,0,70,7
188,284,0,55,7
189,284,0,39,7
190,284,0,15,7
191,284,0,0,7
192,284,127,118,7
193,284,127,102,7
194,284,127,86,7
195,284,127,70,7
196,284,127,47,7
197,284,127,31,7
198,284,127,15,7
199,284,127,0,7
200,284,0,118,7
201,284,0,102,7
202,284,0,86,7
203,284,0,63,7
204,284,0,47,7
205,284,0,31,7
206,284,0,15,7
207,284,0,0,7
208,284,0,118,7
209,284,0,102,7
210,284,0,78,7
211,284,0,63,7
212,284,0,47,7
213,284,0,31,7
214,284,0,15,7
215,284,0,0,7
216,284,0,118,7
217,284,0,94,7
218,284,0,78,7
219,284,0,63,7
220,284,0,47,7
221,284,0,31,7
222,284,0,15,7
223,284,0,0,7
224,2023,123,78,6
225,2023,119,67,6
226,2023,115,56,6
227,2023,111,45,6
228,2023,108,33,6
229,2023,104,22,6
230,2023,100,5,6
231,2023,89,250,6
232,2023,0,78,6
233,2023,0,67,6
234,2023,0,56,6
235,2023,0,45,6
236,2023,0,28,6
237,2023,0,16,6
238,2023,0,5,6
239,284,127,126,7
240,284,127,110,7
241,284,127,94,7
242,284,127,78,7
243,284,127,55,7
244,284,127,39,7
245,284,127,23,7
246,284,127,7,7
247,2023,127,90,6
248,2023,122,78,6
249,2023,118,67,6
250,2023,114,50,6
251,2023,110,39,6
252,2023,107,28,6
253,2023,103,16,6
254,2023,99,5,6
255,3819,127,90,7
256,3819,127,90,7
257,3819,127,90,7
258,3819,127,90,7
259,3819,127,90,7
260,3819,127,90,7
261,3819,127,90,7
262,3819,127,90,7
263,6422,127,90,7
264,6422,127,90,7
265,6422,127,90,7
266,6422,127,90,7
267,6422,127,90,7
268,6422,127,90,7
269,6422,127,90,7
270,6422,127,90,7
271,3819,127,54,7
272,3819,127,54,7
273,3819,127,54,7
274,3819,127,54,7
275,3819,127,54,7
276,3819,127,54,7
277,3819,127,54,7
278,3819,127,54,7
279,6422,127,54,7
280,6422,127,54,7
281,6422,127,54,7
282,6422,127,54,7
283,6422,127,54,7
284,6422,127,54,7
285,6422,127,54,7
286,6422,127,54,7
287,3819,127,36,7
288,3819,127,36,7
289,3819,127,36,7
290,3819,127,36,7
291,3819,127,36,7
292,3819,127,36,7
293,3819,127,36,7
294,3819,127,36,7
295,6422,127,36,7
296,6422,127,36,7
297,6422,127,36,7
298,6422,127,36,7
299,6422,127,36,7
300,6422,127,36,7
301,6422,127,36,7
302,6422,127,36,7
303,3819,127,18,7
304,3819,127,18,7
305,3819,127,18,7
306,3819,127,18,7
307,3819,127,18,7
308,3819,127,18,7
309,3819,127,18,7
310,3819,127,18,7
311,6422,127,18,7
312,6422,127,18,7
313,6422,127,18,7
314,6422,127,18,7
315,6422,127,18,7
316,6422,127,18,7
317,6422,127,18,7
318,6422,127,18,7
319,1909,127,90,7
320,1909,127,90,7
321,1909,127,90,7
322,1909,127,90,7
323,1909,127,90,7
324,1909,127,90,7
325,1909,127,90,7
326,3211,127,90,7
327,3211,127,90,7
328,3211,127,90,7
329,3211,127,90,7
330,3211,127,90,7
331,3211,127,90,7
332,3211,127,90,7
333,3211,127,90,7
334,1909,127,54,7
335,1909,127,54,7
336,1909,127,54,7
337,1909,127,54,7
338,1909,127,54,7
339,1909,127,54,7
340,1909,127,54,7
341,1909,127,54,7
342,3211,127,54,7
343,3211,127,54,7
344,3211,127,54,7
345,3211,127,54,7
346,3211,127,54,7
347,3211,127,54,7
348,3211,127,54,7
349,3211,127,54,7
350,1430,127,90,7
351,1430,127,90,7
352,1430,127,90,7
353,1430,127,90,7
354,1430,127,90,7
355,1430,127,90,7
356,1430,127,90,7
357,1430,127,90,7
358,2143,127,90,7
359,2143,127,90,7
360,2143,127,90,7
361,2143,127,90,7
362,2143,127,90,7
363,2143,127,90,7
364,2143,127,90,7
365,2143,127,90,7
366,1430,127,54,7
367,1430,127,54,7
368,1430,127,54,7
369,1430,127,54,7
370,1430,127,54,7
371,1430,127,54,7
372,1430,127,54,7
373,1430,127,54,7
374,2143,127,54,7
375,2143,127,54,7
376,2143,127,54,7
377,2143,127,54,7
378,2143,127,54,7
379,2143,127,54,7
380,2143,127,54,7
381,2143,127,54,7
382,1606,127,90,7
383,1606,127,90,7
384,1606,127,90,7
385,1606,127,90,7
386,1606,127,90,7
387,1606,127,90,7
388,1606,127,90,7
389,1606,127,90,7
390,2549,127,90,7
391,2549,127,90,7
392,2549,127,90,7
393,2549,127,90,7
394,2549,127,90,7
395,2549,127,90,7
396,2549,127,90,7
397,2549,127,90,7
398,1606,127,54,7
399,1606,127,54,7
400,1606,127,54,7
401,1606,127,54,7
402,1606,127,54,7
403,1606,127,54,7
404,1606,127,54,7
405,1606,127,54,7
406,2549,127,54,7
407,2549,127,54,7
408,2549,127,54,7
409,2549,127,54,7
410,2549,127,54,7
411,2549,127,54,7
412,2549,127,54,7
413,1606,127,36,7
414,1606,127,36,7
415,1606,127,36,7
416,1606,127,36,7
417,1606,127,36,7
418,1606,127,36,7
419,1606,127,36,7
420,1606,127,36,7
421,2549,127,36,7
422,2549,127,36,7
423,2549,127,36,7
424,2549,127,36,7
425,2549,127,36,7
426,2549,127,36,7
427,2549,127,36,7
428,2549,127,36,7
429,2861,127,90,7
430,2861,127,90,7
431,2861,127,90,7
432,2861,127,90,7
433,2861,127,90,7
434,2861,127,90,7
435,2861,127,90,7
436,2861,127,90,7
437,4286,127,90,7
438,4286,127,90,7
439,4286,127,90,7
440,4286,127,90,7
441,4286,127,90,7
442,4286,127,90,7
443,4286,127,90,7
444,4286,127,90,7
445,2861,127,54,7
446,2861,127,54,7
447,2861,127,54,7
448,2861,127,54,7
449,2861,127,54,7
450,2861,127,54,7
451,2861,127,54,7
452,2861,127,54,7
453,4286,127,54,7
454,4286,127,54,7
455,4286,127,54,7
456,4286,127,54,7
457,4286,127,54,7
458,4286,127,54,7
459,4286,127,54,7
460,4286,127,54,7
461,2861,127,36,7
462,2861,127,36,7
463,2861,127,36,7
464,2861,127,36,7
465,2861,127,36,7
466,2861,127,36,7
467,2861,127,36,7
468,2861,127,36,7
469,4286,127,36,7
470,4286,127,36,7
471,4286,127,36,7
472,4286,127,36,7
473,4286,127,36,7
474,4286,127,36,7
475,4286,127,36,7
476,4286,127,36,7
477,2861,127,18,7
478,2861,127,18,7
479,2861,127,18,7
480,2861,127,18,7
481,2861,127,18,7
482,2861,127,18,7
483,2861,127,18,7
484,2861,127,18,7
485,4286,127,18,7
486,4286,127,18,7
487,4286,127,18,7
488,4286,127,18,7
489,4286,127,18,7
490,4286,127,18,7
491,4286,127,18,7
492,4286,127,18,7
493,2861,127,18,7
494,2861,127,18,7
495,2861,127,18,7
496,2861,127,18,7
497,2861,127,18,7
498,2861,127,18,7
499,2861,127,18,7
500,4286,127,18,7
501,4286,127,18,7
502,4286,127,18,7
503,4286,127,18,7
504,4286,127,18,7
505,4286,127,18,7
506,4286,127,18,7
507,4286,127,18,7
508,3819,127,90,7
509,3819,127,90,7
510,3819,127,90,7
511,3819,127,90,7
512,3819,127,90,7
513,3819,127,90,7
514,3819,127,90,7
515,3819,127,90,7
516,6422,127,90,7
517,6422,127,90,7
518,6422,127,90,7
519,6422,127,90,7
520,6422,127,90,7
521,6422,127,90,7
522,6422,127,90,7
523,6422,127,90,7
524,3819,127,54,7
525,3819,127,54,7
526,3819,127,54,7
527,3819,127,54,7
528,3819,127,54,7
529,3819,127,54,7
530,3819,127,54,7
531,3819,127,54,7
532,6422,127,54,7
533,6422,127,54,7
534,6422,127,54,7
535,6422,127,54,7
536,6422,127,54,7
537,6422,127,54,7
538,6422,127,54,7
539,6422,127,54,7
540,3819,127,36,7
541,3819,127,36,7
542,3819,127,36,7
543,3819,127,36,7
544,3819,127,36,7
545,3819,127,36,7
546,3819,127,36,7
547,3819,127,36,7
548,6422,127,36,7
549,6422,127,36,7
550,6422,127,36,7
551,6422,127,36,7
552,6422,127,36,7
553,6422,127,36,7
554,6422,127,36,7
555,6422,127,36,7
556,3819,127,18,7
557,3819,127,18,7
558,3819,127,18,7
559,3819,127,18,7
560,3819,127,18,7
561,3819,127,18,7
562,3819,127,18,7
563,3819,127,18,7
564,6422,127,18,7
565,6422,127,18,7
566,6422,127,18,7
567,6422,127,18,7
568,6422,127,18,7
569,6422,127,18,7
570,6422,127,18,7
571,6422,127,18,7
572,1909,127,90,7
573,1909,127,90,7
574,1909,127,90,7
575,1909,127,90,7
576,1909,127,90,7
577,1909,127,90,7
578,1909,127,90,7
579,3211,127,90,7
580,3211,127,90,7
581,3211,127,90,7
582,3211,127,90,7
583,3211,127,90,7
584,3211,127,90,7
585,3211,127,90,7
586,3211,127,90,7
587,1909,127,54,7
588,1909,127,54,7
589,1909,127,54,7
590,1909,127,54,7
591,1909,127,54,7
592,1909,127,54,7
593,1909,127,54,7
594,1909,127,54,7
595,3211,127,54,7
596,3211,127,54,7
597,3211,127,54,7
598,3211,127,54,7
599,3211,127,54,7
600,3211,127,54,7
